windowX,188
windowY,129.33333333333331
windowWidth,1274.6666666666665
windowHeight,696.6666666666666
