windowX,188
windowY,129.33333333333331
windowWidth,1210
windowHeight,696.6666666666666
